program_id,program,URL,program_name,degree_type,degree_level,date_founded,courses_total,credits_total,courses_required,courses_electives,courses_electives_offerings,deliverable,fieldwork,independent_research,location_name,location_type,country
1,"Minor (undergraduate) in Digital Humanities, Australian National University",http://cdhr.anu.edu.au/new-digital-humanities-minor,Digital Humanities (only),Minor (undergraduate),Undergraduate,1/1/14,4,24,2,2,8,None specified,None specified,None specified,humanities and the arts,School,Australia
2,"Minor (undergraduate) in Digital Humanities & Technology, Brigham Young University",http://dight.byu.edu/,Digital Humanities (variants),Minor (undergraduate),Undergraduate,1/1/13,6,18,1,5,13,None specified,None specified,Yes,humanities,College,United States
3,"Minor (undergraduate) in Interactive Arts and Science, Brock University",http://www.brocku.ca/humanities/departments-and-centres/digital-humanities/programs/iasc,Other,Minor (undergraduate),Undergraduate,1/1/06,,5,,,60,None specified,None specified,None specified,digital humanities,Center,Canada
4,"BA in Interactive Arts and Science, Brock University",http://www.brocku.ca/humanities/departments-and-centres/digital-humanities/programs/iasc,Other,BA,Undergraduate,1/1/06,,15,,,60,None specified,None specified,None specified,digital humanities,Center,Canada
5,"MA in Digital Humanities (Collaborative Master's), Carleton University",http://graduate.carleton.ca/programs/digital-humanities-collaborative-masters/,Digital Humanities (only),MA,Graduate,1/1/13,,4,2,,5,Thesis,None specified,Yes,"Comparative Studies in Literature, Art and Culture",Department,Canada
6,"MA (program track) in Digital Humanities, CUNY Graduate Center",http://www.gc.cuny.edu/Page-Elements/Academics-Research-Centers-Initiatives/Masters-Programs/Liberal-Studies/Program-tracks/Digital-Humanities,Digital Humanities (only),MA (program track),Graduate,1/1/10,10,30,4,6,,Thesis,None specified,Yes,liberal studies,Department,United States
7,"Minor (undergraduate) in Digital Humanities, Farleigh Dickinson University",http://view2.fdu.edu/academics/university-college/university-college-minors/digital-humanities/,Digital Humanities (only),Minor (undergraduate),Undergraduate,1/1/12,6,18,0,6,22,None specified,None specified,None specified,minors,Department,United States
8,"BS in Digital Humanities, Illinois Institute of Technology",http://humansciences.iit.edu/humanities/programs/undergraduate-programs/bachelor-science-digital-humanities,Digital Humanities (only),BS,Undergraduate,1/1/12,15,47,6,9,,None specified,Yes,Yes,human sciences,College,United States
9,"MPhil/PhD in Digital Humanities Research, King's College London",https://www.kcl.ac.uk/artshums/depts/ddh/study/pgt/madh/index.aspx,Digital Humanities (variants),MPhil/PhD,Graduate,1/1/91,,,,,,None specified,None specified,Yes,arts and humanities,School,United Kingdom
10,"MA in Digital Humanities, King's College London",https://www.kcl.ac.uk/prospectus/research/digital-humanities,Digital Humanities (only),MA,Graduate,1/1/91,12,,2,10,21,Dissertation,Yes,Yes,arts and humanities,School,United Kingdom
11,"BA in Digital Culture, King's College London",https://www.kcl.ac.uk/prospectus/undergraduate/index/name/digital-culture/alpha/D/header_search/,Other,BA,Undergraduate,1/1/15,19,,13,6,31,Dissertation,None specified,Yes,arts and humanities,School,United Kingdom
12,"MA in Digital Humanities, Loyola University Chicago",http://www.luc.edu/ctsdh/academics/maindigitalhumanities/,Digital Humanities (only),MA,Graduate,1/1/09,9,30,6,3,,Thesis,None specified,Yes,Textual Studies and Digital Humanities,Center,United States
13,"Certificate (graduate) in Digital Humanities, Michigan State University",http://www.reg.msu.edu/AcademicPrograms/ProgramDetail.asp?Program=5742,Digital Humanities (only),Certificate (graduate),Graduate,1/1/13,3,9,3,0,3,None specified,None specified,None specified,arts and letters,School,United States
14,"Specialization (undergraduate) in Digital Humanities, Michigan State University",http://www.reg.msu.edu/academicprograms/ProgramDetail.asp?Program=5691,Digital Humanities (only),Specialization (undergraduate),Undergraduate,1/1/13,5,15,2,,,Portfolio,Yes,None specified,arts and letters,School,United States
15,"MA in Digital Humanities, National University of Ireland Maynooth",http://www.learndigitalhumanities.ie/ma/,Digital Humanities (only),MA,Graduate,1/1/10,6,90,2,4,13,Dissertation,None specified,Yes,Research in Irish Historical and Cultural Traditions,Institute,Ireland
16,"PhD in Digital Arts and Humanities, National University of Ireland Maynooth",http://dahphd.ie/,Other,PhD,Graduate,1/1/11,,,2,,114,None specified,None specified,Yes,Research in Irish Historical and Cultural Traditions,Institute,Ireland
17,"Certificate (graduate) in Digital Humanities, North Carolina State University",http://ids.chass.ncsu.edu/digital_humanities/,Digital Humanities (only),Certificate (graduate),Graduate,1/1/15,4,12,0,4,,None specified,None specified,Yes,humanities and social sciences,College,United States
18,"Certificate in Digital Humanities, Rutgers University",http://digitalstudies.camden.rutgers.edu/digital-humanities-certificate/,Digital Humanities (only),Certificate,Undergraduate,1/1/13,6,18,2,4,12,None specified,None specified,Yes,digital humanities,Center,United States
19,"Certificate (graduate) in Digital Humanities, Stanford University",http://cesta.stanford.edu/2014/05/14/dh-certificate/,Digital Humanities (only),Certificate (graduate),Graduate,1/1/14,2,,1,,,Portfolio,None specified,None specified,spatial and textual analysis,Center,United States
20,"Certificate (graduate) in Digital Humanities, Texas A&M University",http://dhcertificate.tamu.edu/certificate,Digital Humanities (only),Certificate (graduate),Graduate,1/1/08,4,12,1,3,19,None specified,None specified,Yes,multiple,Multiple,United States
21,"Certificate (graduate) in Book History and Digital Humanities, Texas Tech University",http://www.depts.ttu.edu/elearning/certificate/book-history-digital-humanities/,Digital Humanities (variants),Certificate (graduate),Graduate,1/1/13,5,15,2,3,22,None specified,None specified,None specified,english,Department,United States
22,"MPhil in Digital Humanities and Culture, Trinity College Dublin",http://www.tcd.ie/English/postgraduate/digital-humanities/index.php,Other,MPhil,Graduate,1/1/12,6,90,3,3,12,Dissertation,Yes,Yes,english,Department,Ireland
23,"Certificate (graduate) in Digital Humanities, UCLA",http://www.cdh.ucla.edu/instruction/dhgradcertprog.html,Digital Humanities (only),Certificate (graduate),Graduate,1/1/11,5,17,2,3,28,Portfolio,None specified,Yes,digital humanities,Center,United States
24,"Minor (undergraduate) in Digital Humanities, UCLA",http://www.digitalhumanities.ucla.edu/instruction/dhminor.html,Digital Humanities (only),Minor (undergraduate),Undergraduate,1/1/11,7,,3,4,65,None specified,None specified,None specified,digital humanities,Center,United States
25,"MA/MSc in Digital Humanities, University College London",http://www.ucl.ac.uk/dh/courses/PhD,Digital Humanities (only),MA/MSc,Graduate,1/1/10,8,120,5,3,39,Dissertation,Yes,Yes,digital humanities,Center,United Kingdom
26,"PhD in Digital Humanities, University College London",http://www.ucl.ac.uk/dh/courses/mamsc,Digital Humanities (only),PhD,Graduate,1/1/10,0,,,,,Thesis,None specified,Yes,digital humanities,Center,United Kingdom
27,"MA in Humanities Computing, University of Alberta",http://uofa.ualberta.ca/interdisciplinary-studies/grad/humanities-computing,Humanities Computing,MA,Graduate,1/1/01,9,27,4,5,8,Thesis,None specified,None specified,interdisciplinary studies,Department,Canada
28,"Specialization (undergraduate) in Literature & the Culture of Information, University of California, Santa Barbara",http://transcriptions.english.ucsb.edu/lci/,Other,Specialization (undergraduate),Undergraduate,1/1/02,4,,0,4,,None specified,None specified,None specified,english,Department,United States
29,"Concentration (graduate) in Humanities Computing, University of Georgia",https://www.english.uga.edu/grad/pages/40#a9,Humanities Computing,Concentration (graduate),Graduate,1/1/09,9,27,1,2,12,Capstone,None specified,Yes,english,Department,United States
30,"Concentration (undergraduate) in Humanities Computing, University of Georgia",http://www.english.uga.edu/grad/areas/hc.html,Humanities Computing,Concentration (undergraduate),Undergraduate,1/1/09,4,12,1,3,5,None specified,None specified,None specified,english,Department,United States
31,"Certificate (graduate) in Public Digital Humanities, University of Iowa",http://thestudio.uiowa.edu/pdhc/,Digital Humanities (variants),Certificate (graduate),Graduate,1/1/14,5,15,4,1,,Capstone,None specified,None specified,public arts and humanities,Studio,United States
32,"Certificate (graduate) in Digital Humanities, University of Nebraska-Lincoln",http://www.unl.edu/gradstudies/prospective/programs/Cert_DigitalHumanities,Digital Humanities (only),Certificate (graduate),Graduate,1/1/10,4,12,2,2,,None specified,Yes,None specified,graduate studies,School,United States
33,"Certificate (graduate) in Digital Humanities, University of North Carolina at Chapel Hill",http://digitalhumanities.unc.edu/programs/gcpdh/,Digital Humanities (only),Certificate (graduate),Graduate,1/1/11,3,10,1,3,18,None specified,Yes,None specified,digital humanities,Initiative,United States
34,"Certificate (graduate) in Certificate in Public Scholarship, University of Washington",http://simpsoncenter.org/programs/curriculum/certificate-in-public-scholarship,Other,Certificate (graduate),Graduate,1/1/06,,15,4,,,Capstone,None specified,None specified,interdisciplinary arts and sciences,School,United States
35,"Minor (undergraduate) in Digital Humanities, Western University Canada",http://www.uwo.ca/arts/digitalhumanities/minor_in_dh.html,Digital Humanities (only),Minor (undergraduate),Undergraduate,1/1/12,6,,2,4,17,None specified,None specified,None specified,arts and humanities,School,Canada
36,"Certificate (graduate) in Digital Humanities, Pratt Institute",https://www.pratt.edu/academics/information/concentrations/digital-humanities/,Digital Humanities (only),Certificate (graduate),Graduate,1/1/15,4,12,2,2,27,None specified,None specified,None specified,information,School,United States
37,"Certificate (graduate) in Digital Humanities, University of Victoria",http://www.uvic.ca/humanities/english/graduate/graduate-certificates/dhum-certificate/index.php,Digital Humanities (only),,,1/1/15,5,15,1,4,54,None specified,None specified,None specified,Digital Humanities Summer Institute,Institute,Canada
,,,,,,,,,,,,,,,,,
,,,,,,,,,,,,,,,,,
,,,,,,,,,,,,,,,,,
,,,,,,,,,,,,,,,,,